ds|holiday|upper_window|lower_window
2009-01-01|holiday|0|0
2009-01-19|holiday|0|0
2009-01-20|holiday|0|0
2009-02-01|holiday|0|0
2009-02-12|holiday|0|0
2009-02-14|holiday|0|0
2009-02-16|holiday|0|0
2009-02-22|holiday|0|0
2009-03-31|holiday|0|0
2009-04-10|holiday|0|0
2009-04-12|holiday|0|0
2009-04-20|holiday|0|0
2009-04-27|holiday|0|0
2009-05-23|holiday|0|0
2009-05-24|holiday|0|0
2009-05-25|holiday|0|0
2009-07-03|holiday|0|0
2009-07-04|holiday|0|0
2009-09-05|holiday|0|0
2009-09-06|holiday|0|0
2009-09-07|holiday|0|0
2009-09-18|holiday|0|0
2009-09-19|holiday|0|0
2009-09-20|holiday|0|0
2009-09-20|holiday|0|0
2009-09-27|holiday|0|0
2009-09-28|holiday|0|0
2009-10-12|holiday|0|0
2009-10-31|holiday|0|0
2009-11-11|holiday|0|0
2009-11-26|holiday|0|0
2009-11-27|holiday|0|0
2009-12-11|holiday|0|0
2009-12-12|holiday|0|0
2009-12-13|holiday|0|0
2009-12-14|holiday|0|0
2009-12-15|holiday|0|0
2009-12-16|holiday|0|0
2009-12-17|holiday|0|0
2009-12-18|holiday|0|0
2009-12-19|holiday|0|0
2009-12-24|holiday|0|0
2009-12-25|holiday|0|0
2010-01-01|holiday|0|0
2010-01-18|holiday|0|0
2010-02-07|holiday|0|0
2010-02-12|holiday|0|0
2010-02-14|holiday|0|0
2010-02-15|holiday|0|0
2010-03-07|holiday|0|0
2010-03-31|holiday|0|0
2010-04-02|holiday|0|0
2010-04-04|holiday|0|0
2010-04-19|holiday|0|0
2010-04-26|holiday|0|0
2010-05-29|holiday|0|0
2010-05-30|holiday|0|0
2010-05-31|holiday|0|0
2010-07-04|holiday|0|0
2010-07-05|holiday|0|0
2010-08-29|holiday|0|0
2010-09-04|holiday|0|0
2010-09-05|holiday|0|0
2010-09-06|holiday|0|0
2010-09-08|holiday|0|0
2010-09-09|holiday|0|0
2010-09-10|holiday|0|0
2010-09-17|holiday|0|0
2010-09-18|holiday|0|0
2010-10-11|holiday|0|0
2010-10-31|holiday|0|0
2010-11-02|holiday|0|0
2010-11-11|holiday|0|0
2010-11-25|holiday|0|0
2010-11-26|holiday|0|0
2010-12-01|holiday|0|0
2010-12-02|holiday|0|0
2010-12-03|holiday|0|0
2010-12-04|holiday|0|0
2010-12-05|holiday|0|0
2010-12-06|holiday|0|0
2010-12-07|holiday|0|0
2010-12-08|holiday|0|0
2010-12-09|holiday|0|0
2010-12-23|holiday|0|0
2010-12-24|holiday|0|0
2010-12-25|holiday|0|0
2010-12-31|holiday|0|0
2011-01-01|holiday|0|0
2011-01-17|holiday|0|0
2011-02-06|holiday|0|0
2011-02-11|holiday|0|0
2011-02-12|holiday|0|0
2011-02-14|holiday|0|0
2011-02-21|holiday|0|0
2011-02-27|holiday|0|0
2011-03-31|holiday|0|0
2011-04-18|holiday|0|0
2011-04-22|holiday|0|0
2011-04-24|holiday|0|0
2011-04-25|holiday|0|0
2011-05-28|holiday|0|0
2011-05-29|holiday|0|0
2011-05-30|holiday|0|0
2011-07-04|holiday|0|0
2011-09-03|holiday|0|0
2011-09-04|holiday|0|0
2011-09-05|holiday|0|0
2011-09-18|holiday|0|0
2011-09-28|holiday|0|0
2011-09-29|holiday|0|0
2011-09-30|holiday|0|0
2011-10-07|holiday|0|0
2011-10-08|holiday|0|0
2011-10-10|holiday|0|0
2011-10-31|holiday|0|0
2011-11-11|holiday|0|0
2011-11-24|holiday|0|0
2011-11-25|holiday|0|0
2011-12-20|holiday|0|0
2011-12-21|holiday|0|0
2011-12-22|holiday|0|0
2011-12-23|holiday|0|0
2011-12-23|holiday|0|0
2011-12-24|holiday|0|0
2011-12-24|holiday|0|0
2011-12-25|holiday|0|0
2011-12-25|holiday|0|0
2011-12-26|holiday|0|0
2011-12-26|holiday|0|0
2011-12-27|holiday|0|0
2011-12-28|holiday|0|0
2012-01-01|holiday|0|0
2012-01-02|holiday|0|0
2012-01-16|holiday|0|0
2012-02-05|holiday|0|0
2012-02-12|holiday|0|0
2012-02-13|holiday|0|0
2012-02-14|holiday|0|0
2012-02-20|holiday|0|0
2012-02-26|holiday|0|0
2012-03-26|holiday|0|0
2012-03-31|holiday|0|0
2012-04-06|holiday|0|0
2012-04-08|holiday|0|0
2012-04-16|holiday|0|0
2012-04-23|holiday|0|0
2012-05-08|holiday|0|0
2012-05-26|holiday|0|0
2012-05-27|holiday|0|0
2012-05-28|holiday|0|0
2012-07-04|holiday|0|0
2012-09-01|holiday|0|0
2012-09-02|holiday|0|0
2012-09-03|holiday|0|0
2012-09-16|holiday|0|0
2012-09-17|holiday|0|0
2012-09-18|holiday|0|0
2012-09-23|holiday|0|0
2012-09-25|holiday|0|0
2012-09-26|holiday|0|0
2012-10-08|holiday|0|0
2012-10-31|holiday|0|0
2012-11-06|holiday|0|0
2012-11-11|holiday|0|0
2012-11-12|holiday|0|0
2012-11-22|holiday|0|0
2012-11-23|holiday|0|0
2012-12-08|holiday|0|0
2012-12-09|holiday|0|0
2012-12-10|holiday|0|0
2012-12-11|holiday|0|0
2012-12-12|holiday|0|0
2012-12-13|holiday|0|0
2012-12-14|holiday|0|0
2012-12-15|holiday|0|0
2012-12-16|holiday|0|0
2012-12-24|holiday|0|0
2012-12-25|holiday|0|0
2013-01-01|holiday|0|0
2013-01-20|holiday|0|0
2013-01-21|holiday|0|0
2013-02-03|holiday|0|0
2013-02-12|holiday|0|0
2013-02-14|holiday|0|0
2013-02-18|holiday|0|0
2013-02-24|holiday|0|0
2013-03-29|holiday|0|0
2013-03-31|holiday|0|0
2013-03-31|holiday|0|0
2013-04-15|holiday|0|0
2013-04-22|holiday|0|0
2013-05-25|holiday|0|0
2013-05-26|holiday|0|0
2013-05-27|holiday|0|0
2013-07-04|holiday|0|0
2013-08-16|holiday|0|0
2013-08-31|holiday|0|0
2013-09-01|holiday|0|0
2013-09-02|holiday|0|0
2013-09-04|holiday|0|0
2013-09-05|holiday|0|0
2013-09-06|holiday|0|0
2013-09-13|holiday|0|0
2013-09-14|holiday|0|0
2013-09-22|holiday|0|0
2013-10-14|holiday|0|0
2013-10-31|holiday|0|0
2013-11-11|holiday|0|0
2013-11-27|holiday|0|0
2013-11-28|holiday|0|0
2013-11-28|holiday|0|0
2013-11-29|holiday|0|0
2013-11-29|holiday|0|0
2013-11-30|holiday|0|0
2013-12-01|holiday|0|0
2013-12-02|holiday|0|0
2013-12-03|holiday|0|0
2013-12-04|holiday|0|0
2013-12-05|holiday|0|0
2013-12-24|holiday|0|0
2013-12-25|holiday|0|0
2013-12-26|holiday|0|0
2013-12-31|holiday|0|0
2014-01-01|holiday|0|0
2014-01-20|holiday|0|0
2014-02-02|holiday|0|0
2014-02-12|holiday|0|0
2014-02-14|holiday|0|0
2014-02-17|holiday|0|0
2014-03-02|holiday|0|0
2014-03-04|holiday|0|0
2014-03-31|holiday|0|0
2014-04-18|holiday|0|0
2014-04-20|holiday|0|0
2014-04-21|holiday|0|0
2014-04-28|holiday|0|0
2014-05-24|holiday|0|0
2014-05-25|holiday|0|0
2014-05-26|holiday|0|0
2014-07-04|holiday|0|0
2014-08-15|holiday|0|0
2014-08-25|holiday|0|0
2014-08-30|holiday|0|0
2014-08-31|holiday|0|0
2014-09-01|holiday|0|0
2014-09-24|holiday|0|0
2014-09-25|holiday|0|0
2014-09-26|holiday|0|0
2014-10-03|holiday|0|0
2014-10-04|holiday|0|0
2014-10-13|holiday|0|0
2014-10-31|holiday|0|0
2014-11-04|holiday|0|0
2014-11-11|holiday|0|0
2014-11-27|holiday|0|0
2014-11-28|holiday|0|0
2014-12-16|holiday|0|0
2014-12-17|holiday|0|0
2014-12-18|holiday|0|0
2014-12-19|holiday|0|0
2014-12-20|holiday|0|0
2014-12-21|holiday|0|0
2014-12-22|holiday|0|0
2014-12-23|holiday|0|0
2014-12-24|holiday|0|0
2014-12-24|holiday|0|0
2014-12-25|holiday|0|0
2014-12-31|holiday|0|0
2015-01-01|holiday|0|0
2015-01-19|holiday|0|0
2015-02-01|holiday|0|0
2015-02-12|holiday|0|0
2015-02-14|holiday|0|0
2015-02-16|holiday|0|0
2015-02-22|holiday|0|0
2015-03-31|holiday|0|0
2015-04-03|holiday|0|0
2015-04-05|holiday|0|0
2015-04-20|holiday|0|0
2015-04-27|holiday|0|0
2015-05-23|holiday|0|0
2015-05-24|holiday|0|0
2015-05-25|holiday|0|0
2015-07-03|holiday|0|0
2015-07-04|holiday|0|0
2015-09-05|holiday|0|0
2015-09-06|holiday|0|0
2015-09-07|holiday|0|0
2015-09-13|holiday|0|0
2015-09-14|holiday|0|0
2015-09-15|holiday|0|0
2015-09-20|holiday|0|0
2015-09-22|holiday|0|0
2015-09-23|holiday|0|0
2015-10-12|holiday|0|0
2015-10-31|holiday|0|0
2015-11-03|holiday|0|0
2015-11-11|holiday|0|0
2015-11-26|holiday|0|0
2015-11-27|holiday|0|0
2015-12-06|holiday|0|0
2015-12-07|holiday|0|0
2015-12-08|holiday|0|0
2015-12-09|holiday|0|0
2015-12-10|holiday|0|0
2015-12-11|holiday|0|0
2015-12-12|holiday|0|0
2015-12-13|holiday|0|0
2015-12-14|holiday|0|0
2015-12-24|holiday|0|0
2015-12-25|holiday|0|0
2015-12-26|holiday|0|0
2015-12-31|holiday|0|0
2016-01-01|holiday|0|0
2016-01-18|holiday|0|0
2016-02-07|holiday|0|0
2016-02-12|holiday|0|0
2016-02-14|holiday|0|0
2016-02-15|holiday|0|0
2016-02-28|holiday|0|0
2016-03-25|holiday|0|0
2016-03-27|holiday|0|0
2016-03-31|holiday|0|0
2016-04-18|holiday|0|0
2016-04-25|holiday|0|0
2016-05-28|holiday|0|0
2016-05-29|holiday|0|0
2016-05-30|holiday|0|0
2016-07-04|holiday|0|0
2016-09-03|holiday|0|0
2016-09-04|holiday|0|0
2016-09-05|holiday|0|0
2016-10-02|holiday|0|0
2016-10-03|holiday|0|0
2016-10-04|holiday|0|0
2016-10-10|holiday|0|0
2016-10-11|holiday|0|0
2016-10-12|holiday|0|0
2016-10-31|holiday|0|0
2016-11-08|holiday|0|0
2016-11-11|holiday|0|0
2016-11-24|holiday|0|0
2016-11-25|holiday|0|0
2016-12-23|holiday|0|0
2016-12-24|holiday|0|0
2016-12-24|holiday|0|0
2016-12-25|holiday|0|0
2016-12-25|holiday|0|0
2016-12-26|holiday|0|0
2016-12-26|holiday|0|0
2016-12-27|holiday|0|0
2016-12-28|holiday|0|0
2016-12-29|holiday|0|0
2016-12-30|holiday|0|0
2016-12-30|holiday|0|0
2016-12-31|holiday|0|0
2016-12-31|holiday|0|0
2017-01-01|holiday|0|0
2017-01-01|holiday|0|0
2017-01-02|holiday|0|0
2017-01-16|holiday|0|0
2017-01-20|holiday|0|0
2017-02-05|holiday|0|0
2017-02-12|holiday|0|0
2017-02-13|holiday|0|0
2017-02-14|holiday|0|0
2017-02-20|holiday|0|0
2017-03-27|holiday|0|0
2017-03-31|holiday|0|0
2017-04-14|holiday|0|0
2017-04-16|holiday|0|0
2017-04-17|holiday|0|0
2017-04-24|holiday|0|0
2017-05-27|holiday|0|0
2017-05-28|holiday|0|0
2017-05-29|holiday|0|0
2017-07-04|holiday|0|0
2017-09-02|holiday|0|0
2017-09-03|holiday|0|0
2017-09-04|holiday|0|0
2017-09-20|holiday|0|0
2017-09-21|holiday|0|0
2017-09-22|holiday|0|0
2017-09-29|holiday|0|0
2017-09-30|holiday|0|0
2017-10-09|holiday|0|0
2017-10-31|holiday|0|0
2017-11-07|holiday|0|0
2017-11-10|holiday|0|0
2017-11-11|holiday|0|0
2017-11-23|holiday|0|0
2017-11-24|holiday|0|0
2017-12-12|holiday|0|0
2017-12-13|holiday|0|0
2017-12-14|holiday|0|0
2017-12-15|holiday|0|0
2017-12-16|holiday|0|0
2017-12-17|holiday|0|0
2017-12-18|holiday|0|0
2017-12-19|holiday|0|0
2017-12-20|holiday|0|0
2017-12-22|holiday|0|0
2017-12-24|holiday|0|0
2017-12-25|holiday|0|0
2017-12-26|holiday|0|0
2017-12-31|holiday|0|0
2018-01-01|holiday|0|0
2018-01-15|holiday|0|0
2018-02-04|holiday|0|0
2018-02-12|holiday|0|0
2018-02-14|holiday|0|0
2018-02-19|holiday|0|0
2018-03-26|holiday|0|0
2018-03-30|holiday|0|0
2018-03-31|holiday|0|0
2018-04-01|holiday|0|0
2018-04-16|holiday|0|0
2018-04-23|holiday|0|0
2018-05-08|holiday|0|0
2018-05-26|holiday|0|0
2018-05-27|holiday|0|0
2018-05-28|holiday|0|0
2018-07-04|holiday|0|0
2018-09-01|holiday|0|0
2018-09-02|holiday|0|0
2018-09-03|holiday|0|0
2018-09-09|holiday|0|0
2018-09-10|holiday|0|0
2018-09-11|holiday|0|0
2018-09-18|holiday|0|0
2018-09-19|holiday|0|0
2018-10-08|holiday|0|0
2018-10-31|holiday|0|0
2018-11-06|holiday|0|0
2018-11-11|holiday|0|0
2018-11-12|holiday|0|0
2018-11-22|holiday|0|0
2018-11-23|holiday|0|0
2018-12-02|holiday|0|0
2018-12-03|holiday|0|0
2018-12-04|holiday|0|0
2018-12-05|holiday|0|0
2018-12-06|holiday|0|0
2018-12-07|holiday|0|0
2018-12-08|holiday|0|0
2018-12-09|holiday|0|0
2018-12-10|holiday|0|0
2018-12-24|holiday|0|0
2018-12-25|holiday|0|0
2018-12-26|holiday|0|0
2018-12-31|holiday|0|0
2019-01-01|holiday|0|0
